,0
0,XBRMIB.MI
1,LEVMIB.MI
2,ETFMIB.MI
3,BERMIB.MI
4,CBSUS.MI
5,HYS.MI
6,JT13.MI
7,GGOVI.MI
8,JREB.MI
9,EGE.MI
10,ITAMID.MI
11,ICFP.MI
12,SBEME.MI
13,IEBB.MI
14,FEDF.MI
15,WLDX.MI
16,JR15.MI
17,EMUL.MI
18,HDRO.MI
19,SPMVV.MI
20,PPEU.MI
21,PSRE.MI
22,DRGN.MI
23,PSRF.MI
24,JRUB.MI
25,GHYEH.MI
26,LVLE.MI
27,SPHC.MI
28,ITAPIR.MI
29,CATHP.MI
30,PSDE.MI
31,KSTRA.MI
32,VNTM.MI
33,VDTM.MI
34,3ITS.MI
35,3ITL.MI
36,U10H.MI
37,3BAL.MI
38,VIXL.MI
39,3CFL.MI
40,EUS3.MI
41,3BRS.MI
42,USE3.MI
43,U13H.MI
44,GOL1L.MI
45,3WHL.MI
46,INFHL.MI
47,IITA.MI
48,GAS3L.MI
49,CBSUSA.MI
50,GAS3S.MI
51,EUES.MI
52,MIB3S.MI
53,MIB3L.MI
54,3BTL.MI
55,DXJF.MI
56,3SUL.MI
57,COBO.MI
58,WLDC.MI
59,GBSE.MI
60,USRIH.MI
61,EUJP.MI
62,WSPX.MI
63,5BTS.MI
64,3TYL.MI
65,USEU.MI
66,3EML.MI
67,EUS5.MI
68,3SCR.MI
69,USE5.MI
70,TINE.MI
71,SAUA.MI
72,ECECOP.MI
73,ECECRD.MI
74,OATS5.MI
75,USYH.MI
76,NDQ3S.MI
77,ITBL.MI
78,3LCR.MI
79,BTPS1.MI
80,UNCA.MI
81,URAM.MI
82,MIBA.MI
83,CEUDIM.MI
84,EBUL.MI
85,ITPD.MI
86,GLDVDE.MI
87,3LSP.MI
88,3TYS.MI
89,LVLC.MI
90,US10C.MI
91,GASL3.MI
92,JT13E.MI
93,NDQ3L.MI
94,TIP10E.MI
95,TIPE.MI
96,EJP3.MI
97,ESOY.MI
98,COMH.MI
99,JPSRE.MI
100,WS5X.MI
101,3UBS.MI
102,SEEU.MI
103,VIX1L.MI
104,HYC.MI
105,AT1D.MI
106,AUEU.MI
107,XCO2E.MI
108,ENGS.MI
109,JPE3.MI
110,CNYE.MI
111,ECOF.MI
112,3BTS.MI
113,ECTN.MI
114,3LPP.MI
115,WTI3L.MI
116,3BUL.MI
117,USHYC.MI
118,EZNC.MI
119,5TYS.MI
120,UST1F.MI
121,5BUS.MI
122,MIBESG.MI
123,3LCO.MI
124,OATL5.MI
125,EUCH.MI
126,ECRN.MI
127,EBRT.MI
128,3EMS.MI
129,ESVR.MI
130,BRE3S.MI
131,3LEN.MI
132,EUUS.MI
133,3SNL.MI
134,SIL3S.MI
135,ISFLOE.MI
136,WTID.MI
137,CMOE.MI
138,CHEU.MI
139,UL3S.MI
140,SX5E3L.MI
141,NRJC.MI
142,MTIG.MI
143,WTI3S.MI
144,BUNDL5.MI
145,3SPP.MI
146,EWAT.MI
147,DAX3L.MI
148,WCOE.MI
149,NOEU.MI
150,ECARS.MI
151,USIC.MI
152,VTOF.MI
153,NGA2L.MI
154,EFCM.MI
155,DAX3S.MI
156,BRND.MI
157,EIMT.MI
158,UST5L.MI
159,EUSE.MI
160,EALU.MI
161,NGA1L.MI
162,VIX1S.MI
163,EUGB.MI
164,GGRE.MI
165,ESUG.MI
166,3BUS.MI
167,3SMI.MI
168,BTPL5.MI
169,H1DRO.MI
170,GOL1S.MI
171,WTI1L.MI
172,SX5E3S.MI
173,SPX3S.MI
174,NGA3L.MI
175,EUNO.MI
176,BRE2L.MI
177,3LMI.MI
178,BRE1L.MI
179,2SZM.MI
180,NGA3S.MI
181,3LNL.MI
182,GBEU.MI
183,3LAA.MI
184,UST5S.MI
185,3SSQ.MI
186,CLMD.MI
187,GAS1S.MI
188,METAV.MI
189,3SSP.MI
190,WMIB.MI
191,GAS2S.MI
192,BRE3L.MI
193,DHSF.MI
194,EUAU.MI
195,3SEN.MI
196,INFLA.MI
197,GOL3S.MI
198,JPEU.MI
199,BTPS5.MI
200,3LPO.MI
201,RAM3L.MI
202,WTI2L.MI
203,GOL3L.MI
204,ERIX.MI
205,BRES1.MI
206,GBE5.MI
207,SIL1S.MI
208,SPX3L.MI
209,WSCE.MI
210,3SAA.MI
211,EGB5.MI
212,2LZM.MI
213,WTIS1.MI
214,RAM3S.MI
215,3SPO.MI
216,5MIB.MI
217,5SIT.MI
218,SIL3L.MI
219,WTI2S.MI
220,USSRIE.MI
221,BRE2S.MI
222,CO2L1.MI
223,3LSQ.MI
224,BUNDS5.MI
225,SWDA.MI
226,3NGL.MI
227,ISSUSW.MI
228,SE15.MI
229,TRXE.MI
230,3NGS.MI
231,QQQ3.MI
232,CU2.MI
233,IHYG.MI
234,SEML.MI
235,CSBGU7.MI
236,XMUS.MI
237,QQQS.MI
238,3OIS.MI
239,SGLD.MI
240,VUKE.MI
241,IEAC.MI
242,3OIL.MI
243,IWDE.MI
244,CSSPX.MI
245,IUES.MI
246,LOIL.MI
247,MVOL.MI
248,PHAU.MI
249,XSGI.MI
250,3SIL.MI
251,LEONIA.MI
252,VWCE.MI
253,LYSMART.MI
254,IWVL.MI
255,IWRD.MI
256,LYXBNK.MI
257,3USS.MI
258,INRG.MI
259,XEON.MI
260,XAD1.MI
261,EACW.MI
262,3EUL.MI
263,CSNDX.MI
264,MUSRI.MI
265,3USL.MI
266,GBS.MI
267,IUSA.MI
268,XDWH.MI
269,VUAA.MI
270,EUE.MI
271,3DES.MI
272,ISPY.MI
273,MINT.MI
274,SMARTU.MI
275,DES2.MI
276,CBND.MI
277,IBGX.MI
278,EQQQ.MI
279,IBCI.MI
280,SPXS.MI
281,LYACWI.MI
282,NDXH.MI
283,SMH.MI
284,USTE.MI
285,IHYU.MI
286,IEMB.MI
287,IEGE.MI
288,HPAW.MI
289,FLESA.MI
290,CSSX5E.MI
291,3DEL.MI
292,C3M.MI
293,JEST.MI
294,CRUD.MI
295,CSBGE3.MI
296,AFRN.MI
297,EIMI.MI
298,JREU.MI
299,ENY.MI
300,EM710.MI
301,XDW0.MI
302,IBGM.MI
303,SPY5.MI
304,XBLC.MI
305,XWEH.MI
306,IBTS.MI
307,AEEM.MI
308,XDEW.MI
309,NGAS.MI
310,CSEMU.MI
311,STOXXIEX.MI
312,IBGL.MI
313,SMSWLD.MI
314,AHYE.MI
315,EBBB.MI
316,WTAI.MI
317,CNYB.MI
318,3SIS.MI
319,IBGS.MI
320,ISF.MI
321,IBTM.MI
322,SEMA.MI
323,500H.MI
324,EMBE.MI
325,ERNE.MI
326,XDWS.MI
327,LVO.MI
328,IJPE.MI
329,IEEM.MI
330,5ESGE.MI
331,LBRT.MI
332,INDI.MI
333,LQDE.MI
334,XCHA.MI
335,AGGH.MI
336,WLD.MI
337,COPA.MI
338,3EUS.MI
339,BNKE.MI
340,RBOT.MI
341,S500.MI
342,SUOE.MI
343,SPX2S.MI
344,STHE.MI
345,XSPS.MI
346,C5S.MI
347,SMEA.MI
348,SEGA.MI
349,PHAG.MI
350,R2US.MI
351,XSSX.MI
352,DAXX.MI
353,EM13.MI
354,A500.MI
355,XDWT.MI
356,MEUD.MI
357,FSME.MI
358,EQAC.MI
359,DPAY.MI
360,MWRD.MI
361,JREG.MI
362,XSDX.MI
363,CINA.MI
364,DAXLEV.MI
365,ANX.MI
366,GOVS.MI
367,EM57.MI
368,EGOVI.MI
369,EM35.MI
370,BATT.MI
371,X13E.MI
372,WSREUA.MI
373,SPESGU.MI
374,HK.MI
375,GGRA.MI
376,IJPN.MI
377,XDEV.MI
378,WESGL.MI
379,XEIN.MI
380,PHPT.MI
381,NESG.MI
382,JNKE.MI
383,SS1EUA.MI
384,US10.MI
385,XDGE.MI
386,TIPU.MI
387,S500H.MI
388,ROBO.MI
389,IAT1.MI
390,XFVT.MI
391,ECR1.MI
392,GCVE.MI
393,SUAS.MI
394,ACWIE.MI
395,HEAL.MI
396,LQQA.MI
397,DJLEV.MI
398,LUSC.MI
399,CEU2.MI
400,SGBS.MI
401,CSBGU3.MI
402,XDWD.MI
403,XS2L.MI
404,RMAU.MI
405,LGAIAI.MI
406,3HCL.MI
407,IMIE.MI
408,XAT1.MI
409,EENG.MI
410,JPCT.MI
411,CBUS5.MI
412,NRAM.MI
413,AEJ.MI
414,IWQU.MI
415,IBCX.MI
416,H2O.MI
417,ECRP3.MI
418,XYP1.MI
419,BTP2S.MI
420,ENCO.MI
421,SBUL.MI
422,XMEU.MI
423,XB4F.MI
424,SUSE.MI
425,IEAG.MI
426,USDV.MI
427,XZEW.MI
428,IB26.MI
429,REUSE.MI
430,IB28.MI
431,CBEU5.MI
432,AIGA.MI
433,FLXIG.MI
434,GLDV.MI
435,EUCO.MI
436,DEL2.MI
437,CRPE.MI
438,LYXSP.MI
439,SEUC.MI
440,VNGA80.MI
441,DSUS.MI
442,CORP.MI
443,VUSA.MI
444,VHYL.MI
445,GDAXIEX.MI
446,CSBGE7.MI
447,ACWE.MI
448,MTI.MI
449,IITB.MI
450,VECA.MI
451,EM15.MI
452,XDEQ.MI
453,HMWD.MI
454,IVOA.MI
455,XBAE.MI
456,GAGH.MI
457,EUSRI.MI
458,GLAE.MI
459,LNGA.MI
460,5ESGU.MI
461,UQLTE.MI
462,VNGA60.MI
463,RS2K.MI
464,MTX.MI
465,XDEE.MI
466,LDAX2S.MI
467,U3O8.MI
468,CSUS.MI
469,EMUAA.MI
470,EQEU.MI
471,VWRL.MI
472,SPXH.MI
473,XLKS.MI
474,SESR.MI
475,C73.MI
476,UBBB.MI
477,E500.MI
478,LGDOCT.MI
479,XZE5.MI
480,LWCR.MI
481,EHYA.MI
482,C50.MI
483,CBUS.MI
484,XDAX.MI
485,CSMIB.MI
486,TPXH.MI
487,EM1015.MI
488,XDWM.MI
489,INFR.MI
490,XESC.MI
491,XSPX.MI
492,BXX.MI
493,FLRG.MI
494,FXC.MI
495,XCS6.MI
496,XAIX.MI
497,XT21.MI
498,WGLDA.MI
499,LPLA.MI
500,XLBS.MI
501,EEUR.MI
502,XLYS.MI
503,ENERW.MI
504,XGLE.MI
505,EMQQ.MI
506,JRGE.MI
507,VJPA.MI
508,ESEE.MI
509,XG7S.MI
510,MSE.MI
511,SXLE.MI
512,FUSU.MI
513,TIGR.MI
514,WSRI.MI
515,SXLB.MI
516,TDIV.MI
517,BUND2S.MI
518,VDEA.MI
519,XAD5.MI
520,SJPA.MI
521,STQX.MI
522,X1G.MI
523,EMLD.MI
524,IBGY.MI
525,SWRD.MI
526,IH2O.MI
527,XGSH.MI
528,C10.MI
529,LCCN.MI
530,GDX.MI
531,GAGG.MI
532,TRVL.MI
533,GEMU.MI
534,XDNE.MI
535,XDEP.MI
536,VGEA.MI
537,C53.MI
538,TRS5.MI
539,USVEUY.MI
540,CAPU.MI
541,3BRL.MI
542,IFFF.MI
543,ALMN.MI
544,CBUSE.MI
545,PHPD.MI
546,AWSRIE.MI
547,SPXE.MI
548,STHY.MI
549,EGRI.MI
550,EDME.MI
551,XGIN.MI
552,XDWC.MI
553,WEAT.MI
554,XZMU.MI
555,XAD2.MI
556,ECECOM.MI
557,GOVA.MI
558,EURO.MI
559,IMIB.MI
560,XDJP.MI
561,XWTS.MI
562,HMWA.MI
563,CSPXJ.MI
564,CONV.MI
565,WCLD.MI
566,CEBE.MI
567,INXGI.MI
568,IDVY.MI
569,EUDV.MI
570,EMKT.MI
571,GEU3C.MI
572,SBIO.MI
573,HYLD.MI
574,AIGP.MI
575,X25E.MI
576,IQMU.MI
577,LOCK.MI
578,INFL.MI
579,XUTCI.MI
580,IGLT.MI
581,LTAM.MI
582,CSJP.MI
583,IEVL.MI
584,3GOS.MI
585,LGRE.MI
586,VETY.MI
587,CITYY.MI
588,ISAD.MI
589,CMOD.MI
590,FWEA.MI
591,STPU.MI
592,ISMVUS.MI
593,SAWD.MI
594,EROX.MI
595,XMEX.MI
596,EMSA.MI
597,V3GF.MI
598,COMO.MI
599,STNX.MI
600,REMX.MI
601,AUCO.MI
602,VNGA40.MI
603,IEQU.MI
604,JPN.MI
605,SOIL.MI
606,SW2CHB.MI
607,C300.MI
608,QCEU.MI
609,CCEUAS.MI
610,NICK.MI
611,XHYG.MI
612,CLIM.MI
613,DJE.MI
614,3LTS.MI
615,CSKR.MI
616,ICOV.MI
617,LWEA.MI
618,SPY4.MI
619,SXLF.MI
620,VAGF.MI
621,UQLTD.MI
622,IESE.MI
623,XD9U.MI
624,ETFGOV.MI
625,VHVE.MI
626,ITWN.MI
627,HMCH.MI
628,VEMT.MI
629,LHLTW.MI
630,CW8.MI
631,FJPR.MI
632,LSIL.MI
633,XLPE.MI
634,CI3.MI
635,VEVE.MI
636,JBEM.MI
637,AIGC.MI
638,CC4.MI
639,ESREUA.MI
640,3HCS.MI
641,XMWO.MI
642,PABUS.MI
643,USPA.MI
644,SDHY.MI
645,ENWD.MI
646,CEU.MI
647,DJCOMEX.MI
648,XTIPX.MI
649,HDLV.MI
650,LCOP.MI
651,IMEU.MI
652,X13G.MI
653,XMIB.MI
654,XGSD.MI
655,GOAI.MI
656,LCJP.MI
657,CBUS5E.MI
658,HSPD.MI
659,ESPO.MI
660,XDWF.MI
661,C2U.MI
662,ELOVD.MI
663,LAPEX.MI
664,IB25.MI
665,IAPD.MI
666,XESX.MI
667,WCOA.MI
668,JPNA.MI
669,ECRPI.MI
670,VECP.MI
671,TRS3.MI
672,AWSRIA.MI
673,HWDE.MI
674,FLXC.MI
675,EEUE.MI
676,HSTE.MI
677,HSGE.MI
678,SPXD.MI
679,ETFGLO.MI
680,ECAR.MI
681,XD5E.MI
682,BRA.MI
683,LTNOW.MI
684,VFEM.MI
685,ITPS.MI
686,XNIF.MI
687,PEMD.MI
688,AASI.MI
689,EUAG.MI
690,SRIC3.MI
691,LYXHEA.MI
692,2PAL.MI
693,COFF.MI
694,HKOR.MI
695,IEMO.MI
696,CBSUSE.MI
697,USRI.MI
698,IUKP.MI
699,HYBB.MI
700,USDE.MI
701,100EUA.MI
702,XMME.MI
703,XZHE.MI
704,BRNT.MI
705,ISWING.MI
706,GDIG.MI
707,BBIL.MI
708,3STS.MI
709,AGED.MI
710,H50E.MI
711,CMU.MI
712,CHNT.MI
713,CSUSS.MI
714,VNGA20.MI
715,INFL1.MI
716,3SNV.MI
717,CYBR.MI
718,SNGA.MI
719,EPRA.MI
720,VDTE.MI
721,FGHY.MI
722,ETFCOR.MI
723,CHINA.MI
724,XLES.MI
725,SDIV.MI
726,FSEM.MI
727,XAD6.MI
728,EIB3.MI
729,C13.MI
730,XSXD.MI
731,EMAAA.MI
732,XEML.MI
733,SXLY.MI
734,HY.MI
735,VNGD20.MI
736,JREE.MI
737,LTUR.MI
738,EHYB.MI
739,LNIK.MI
740,TIP1E.MI
741,CATHEM.MI
742,XEUM.MI
743,MWSHI.MI
744,CJ1.MI
745,LGGLUG.MI
746,HAGGH.MI
747,CSEMUS.MI
748,TELE.MI
749,PSFE.MI
750,US13.MI
751,XDWI.MI
752,XTC5.MI
753,USFMD.MI
754,LCFE.MI
755,IBGZ.MI
756,STTX.MI
757,CAPE.MI
758,SECA.MI
759,SUJP.MI
760,CL2.MI
761,IWMO.MI
762,C40.MI
763,SOLR.MI
764,JGRN.MI
765,3GOL.MI
766,ESGWO.MI
767,IBZL.MI
768,HFRN.MI
769,SRIC5.MI
770,JPSA.MI
771,INBCHN.MI
772,ISFLTR.MI
773,CHM.MI
774,XRS2.MI
775,MCHIN.MI
776,VFEA.MI
777,HYFA.MI
778,URNU.MI
779,UCRP.MI
780,SLVR.MI
781,WCBR.MI
782,COMF.MI
783,LYXTNO.MI
784,MXUS.MI
785,EMESG.MI
786,USFRN.MI
787,LCEU.MI
788,CP9.MI
789,VDST.MI
790,GDXJ.MI
791,V3REV.MI
792,CARB.MI
793,CBSEU.MI
794,AIGE.MI
795,LYEE.MI
796,5HEE.MI
797,VDTA.MI
798,SKYY.MI
799,QYLD.MI
800,EMCR.MI
801,BUND1S.MI
802,BSX.MI
803,HMEA.MI
804,UKGBPB.MI
805,IUSP.MI
806,XZEME.MI
807,XHY1.MI
808,UEDV.MI
809,JU13.MI
810,ESGE.MI
811,AIGI.MI
812,SP5EUY.MI
813,CLWD.MI
814,DHS.MI
815,XSFR.MI
816,IWDP.MI
817,XNNV.MI
818,SUSM.MI
819,CM9.MI
820,CORN.MI
821,MFDD.MI
822,EMIGE.MI
823,SEME.MI
824,CNAA.MI
825,CC1.MI
826,XMAW.MI
827,FDHT.MI
828,STSX.MI
829,DJSC.MI
830,USEUWH.MI
831,RQFI.MI
832,JPST.MI
833,WDEE.MI
834,SWRE.MI
835,XZW0.MI
836,XGBE.MI
837,FSKY.MI
838,FEUZ.MI
839,VUCE.MI
840,EMAE.MI
841,CU9.MI
842,VCEU.MI
843,XGEN.MI
844,XLVS.MI
845,RTWO.MI
846,XGIU.MI
847,EGDGR.MI
848,IUCB.MI
849,DAPP.MI
850,SXLK.MI
851,X35E.MI
852,ATIP.MI
853,CHINE.MI
854,TEET.MI
855,LYYQ.MI
856,XZME.MI
857,HMEM.MI
858,SHEME.MI
859,WSRIE.MI
860,EMIG.MI
861,USIG.MI
862,XXSC.MI
863,PAEM.MI
864,UESG.MI
865,ALAT.MI
866,IEUX.MI
867,LMATW.MI
868,XDPE.MI
869,XGEXX.MI
870,XNAS.MI
871,XFFE.MI
872,ECMS.MI
873,SCOP.MI
874,FUSA.MI
875,XSMI.MI
876,XQUI.MI
877,PJS1.MI
878,UINE.MI
879,CI2.MI
880,JREZ.MI
881,XPXJ.MI
882,VUTY.MI
883,3LNI.MI
884,CSNKY.MI
885,EEMU.MI
886,XAD3.MI
887,THEP.MI
888,EVAE.MI
889,3TSL.MI
890,PAEU.MI
891,GGB.MI
892,IEXF.MI
893,PABWD.MI
894,XSX6.MI
895,ACLU.MI
896,XUTD.MI
897,FLXU.MI
898,IPRP.MI
899,AJEUAS.MI
900,AGOLD.MI
901,X710.MI
902,EJEGSS.MI
903,XDEB.MI
904,XNJPN.MI
905,EMEG.MI
906,US37.MI
907,MLPI.MI
908,TELEW.MI
909,EMHD.MI
910,SGLE.MI
911,ESEH.MI
912,IRCP.MI
913,KWBEA.MI
914,CINESG.MI
915,XEZBX.MI
916,GENDED.MI
917,EGRA.MI
918,USTH.MI
919,BRES.MI
920,HWVL.MI
921,SPEQ.MI
922,EMLI.MI
923,XUHY.MI
924,INAA.MI
925,JPNEUA.MI
926,JREM.MI
927,CCUSAS.MI
928,ZINC.MI
929,XNZW.MI
930,DJFOO.MI
931,LGUS.MI
932,VAPX.MI
933,KOR.MI
934,FEMR.MI
935,XMEM.MI
936,SWTEC.MI
937,XEMB.MI
938,SBRT.MI
939,LCOC.MI
940,STWX.MI
941,ESGU.MI
942,WDTE.MI
943,500X.MI
944,HMCA.MI
945,HSJD.MI
946,VDCA.MI
947,ULOVE.MI
948,USMUFE.MI
949,3CON.MI
950,XX25.MI
951,FWRA.MI
952,EMSRI.MI
953,STZX.MI
954,TRSY.MI
955,UPVLD.MI
956,XEPA.MI
957,FGGB.MI
958,V3SUV.MI
959,NUCL.MI
960,XUTE.MI
961,PSEUHI.MI
962,IE3E.MI
963,SXLV.MI
964,XCS2.MI
965,BULL.MI
966,INDG.MI
967,AIGS.MI
968,GSEM.MI
969,SAUS.MI
970,HSEU.MI
971,3BAS.MI
972,XZEB.MI
973,E50ESG.MI
974,XT01U.MI
975,WHEA.MI
976,PAJP.MI
977,VWCG.MI
978,SD3PEX.MI
979,GFA.MI
980,XZEU.MI
981,DGTL.MI
982,PADV.MI
983,XDBC.MI
984,EMUSRI.MI
985,LUSA.MI
986,AM3A.MI
987,SXLI.MI
988,SJNK.MI
989,AMALI.MI
990,XMJP.MI
991,SMRTA.MI
992,AAA35.MI
993,VUCP.MI
994,BRIC.MI
995,JPEH.MI
996,EUN.MI
997,FINS.MI
998,ECMF.MI
999,AGEB.MI
1000,LDCU.MI
1001,AAA13.MI
1002,E127.MI
1003,TRYP.MI
1004,SF1EUA.MI
1005,SFTG.MI
1006,JPA.MI
1007,XAXJ.MI
1008,PEX.MI
1009,US7.MI
1010,LITU.MI
1011,ETFUSA.MI
1012,XBOT.MI
1013,ENMU.MI
1014,XDEM.MI
1015,DRVE.MI
1016,MLPD.MI
1017,ISAG.MI
1018,SEL.MI
1019,EMWE.MI
1020,EMMEUA.MI
1021,3SUR.MI
1022,LYXPER.MI
1023,HPJP.MI
1024,XLFS.MI
1025,CHIPL.MI
1026,LYXUTI.MI
1027,SUA0.MI
1028,VITA.MI
1029,AUTP.MI
1030,HMJD.MI
1031,USCO.MI
1032,CSEMAS.MI
1033,XMK9.MI
1034,MGT.MI
1035,XNUS.MI
1036,DXJZ.MI
1037,LFINSW.MI
1038,JPSR.MI
1039,XDER.MI
1040,INFL10.MI
1041,CSCA.MI
1042,FLXD.MI
1043,XS5E.MI
1044,JJEH.MI
1045,VNGD60.MI
1046,N400.MI
1047,EPEJ.MI
1048,USSRI.MI
1049,TFRN.MI
1050,TRET.MI
1051,EMXC.MI
1052,XZMJ.MI
1053,SHEMB.MI
1054,GOVY.MI
1055,BOTZ.MI
1056,XZWEM.MI
1057,EEIA.MI
1058,WDMVO.MI
1059,XLCS.MI
1060,OIH.MI
1061,ACPAR.MI
1062,WRDEUA.MI
1063,TAEH.MI
1064,LUTR.MI
1065,PSREUA.MI
1066,MEU.MI
1067,JMBA.MI
1068,USIH.MI
1069,EMH5.MI
1070,ECBIOT.MI
1071,JUHE.MI
1072,JMBE.MI
1073,XDG7.MI
1074,XLPS.MI
1075,DIGIT.MI
1076,UT1EUA.MI
1077,XCS7.MI
1078,HNSC.MI
1079,CGB.MI
1080,XY4P.MI
1081,XMIN.MI
1082,XMKO.MI
1083,USDC.MI
1084,UST10F.MI
1085,LCWLD.MI
1086,ITEK.MI
1087,XEWE.MI
1088,MCHT.MI
1089,INFU.MI
1090,3NIO.MI
1091,IUKD.MI
1092,EMGEAS.MI
1093,IWQE.MI
1094,XYLE.MI
1095,HPAU.MI
1096,SXLU.MI
1097,MOAT.MI
1098,WCPA.MI
1099,ETFUST.MI
1100,US1.MI
1101,LSUG.MI
1102,3BAB.MI
1103,XLIS.MI
1104,GLAG.MI
1105,EBMMEX.MI
1106,RIEU.MI
1107,U15E.MI
1108,GLDVD.MI
1109,DGRA.MI
1110,CSUK.MI
1111,COPX.MI
1112,USESG.MI
1113,SPWNRG.MI
1114,IB27.MI
1115,EMMUSC.MI
1116,ETFGG.MI
1117,ETFJAP.MI
1118,EDSRI.MI
1119,AEGE.MI
1120,HCHA.MI
1121,JPMB.MI
1122,3LNV.MI
1123,ACWIA.MI
1124,SIVE.MI
1125,AUSAUW.MI
1126,LDCE.MI
1127,HMEU.MI
1128,ENRG.MI
1129,STRX.MI
1130,X15E.MI
1131,CO2.MI
1132,VNGD80.MI
1133,IU0E.MI
1134,EMUEUA.MI
1135,SUGA.MI
1136,V3PLA.MI
1137,ITKY.MI
1138,SXLC.MI
1139,ETFUSC.MI
1140,XS7W.MI
1141,GIST.MI
1142,HYEM.MI
1143,XDEX.MI
1144,LALU.MI
1145,SNIK.MI
1146,XLUS.MI
1147,EVOU.MI
1148,DEMR.MI
1149,USAUSW.MI
1150,EIBB.MI
1151,IPAB.MI
1152,SMCX.MI
1153,VNGD40.MI
1154,UCPA.MI
1155,XNZE.MI
1156,EUHD.MI
1157,RTA.MI
1158,PHPM.MI
1159,IWSZ.MI
1160,R1JKEX.MI
1161,IHYE.MI
1162,FLESAA.MI
1163,DJMC.MI
1164,EIBX.MI
1165,EQLTD.MI
1166,LAFRI.MI
1167,NATO.MI
1168,MDBA.MI
1169,EMLOC.MI
1170,IKOR.MI
1171,HTWN.MI
1172,HIDD.MI
1173,XD3E.MI
1174,JCCT.MI
1175,XDWU.MI
1176,600X.MI
1177,FGQI.MI
1178,USAPA.MI
1179,IQJP.MI
1180,FLXT.MI
1181,V3GE.MI
1182,TINM.MI
1183,LCUK.MI
1184,PAUS.MI
1185,EUCR.MI
1186,XDPU.MI
1187,JYEH.MI
1188,LCOR.MI
1189,EMUSA.MI
1190,SRIJ.MI
1191,VPN.MI
1192,CN1.MI
1193,SR2000.MI
1194,EMRG.MI
1195,XZBUC.MI
1196,STOXXEEX.MI
1197,EURSRI.MI
1198,DXJ.MI
1199,BRZ.MI
1200,3LZN.MI
1201,TRE3.MI
1202,UGAS.MI
1203,X57E.MI
1204,LDISW.MI
1205,LOWV.MI
1206,CSMXCP.MI
1207,FLXK.MI
1208,XBAG.MI
1209,JREC.MI
1210,AUST.MI
1211,HOGS.MI
1212,IFSE.MI
1213,PSRW.MI
1214,BBEG.MI
1215,INDGW.MI
1216,SDJE50.MI
1217,ESEG.MI
1218,GRIDG.MI
1219,XCTE.MI
1220,CB5.MI
1221,IFSW.MI
1222,SRIC.MI
1223,ISEMV.MI
1224,WTEEI.MI
1225,WITS.MI
1226,LCUS.MI
1227,XDNY.MI
1228,CS1.MI
1229,EEA.MI
1230,CASH.MI
1231,MSRUSB.MI
1232,EJPY.MI
1233,FAEU.MI
1234,SXLP.MI
1235,COCO.MI
1236,3LFB.MI
1237,XQUA.MI
1238,OG35.MI
1239,IQSE.MI
1240,SOYB.MI
1241,XEMN.MI
1242,DMAT.MI
1243,XGII.MI
1244,PRFD.MI
1245,SRSA.MI
1246,ECMA.MI
1247,EGO.MI
1248,XGVD.MI
1249,3AMZ.MI
1250,FEUI.MI
1251,GISE.MI
1252,SPEMHE.MI
1253,HMAF.MI
1254,TRSX.MI
1255,VRPS.MI
1256,SNSR.MI
1257,SPXJ.MI
1258,MDA.MI
1259,XYLD.MI
1260,FUSR.MI
1261,BLTH.MI
1262,ECOEUA.MI
1263,X7PS.MI
1264,DFNS.MI
1265,SOYO.MI
1266,XRES.MI
1267,WFIN.MI
1268,MSGW.MI
1269,USHY.MI
1270,EXS3.MI
1271,3NVD.MI
1272,XDWY.MI
1273,ASREUA.MI
1274,CANEUA.MI
1275,LCAS.MI
1276,WCCA.MI
1277,JREJ.MI
1278,VERE.MI
1279,3LPA.MI
1280,SMSEUR.MI
1281,AIGO.MI
1282,EMKTB.MI
1283,3SNI.MI
1284,EJAH.MI
1285,XMAE.MI
1286,STUX.MI
1287,BRTIPS.MI
1288,DJST.MI
1289,LBUL.MI
1290,PABEU.MI
1291,XMEA.MI
1292,CH5.MI
1293,TRES.MI
1294,ETFEU.MI
1295,TREX.MI
1296,EISR.MI
1297,MIVO.MI
1298,USCE.MI
1299,SFNG.MI
1300,HSEM.MI
1301,SALL.MI
1302,WTDEM.MI
1303,XZSP.MI
1304,3SPA.MI
1305,HSWD.MI
1306,INDO.MI
1307,XAUS.MI
1308,VDCE.MI
1309,CLOU.MI
1310,ESGH.MI
1311,ECMD.MI
1312,MXFS.MI
1313,AIPE.MI
1314,REEU.MI
1315,EMUESG.MI
1316,ECPA.MI
1317,EUPA.MI
1318,HPAJ.MI
1319,LSTAW.MI
1320,SILV.MI
1321,EU35.MI
1322,BBSC.MI
1323,EMLC.MI
1324,XZEG.MI
1325,FLXX.MI
1326,TGBT.MI
1327,SCITY.MI
1328,FSMF.MI
1329,MCEU.MI
1330,CLEMC.MI
1331,EMDV.MI
1332,WENT.MI
1333,CITEE.MI
1334,FLXG.MI
1335,XCNA.MI
1336,EHBA.MI
1337,EKUS.MI
1338,XCAN.MI
1339,SSIL.MI
1340,PRFE.MI
1341,3SAL.MI
1342,SPLW.MI
1343,XMBR.MI
1344,ESPYY.MI
1345,CBEF.MI
1346,XRME.MI
1347,BKCH.MI
1348,EIB7.MI
1349,EBIZ.MI
1350,SPQB.MI
1351,CIB.MI
1352,MGIN.MI
1353,V3AA.MI
1354,WLDH.MI
1355,SJNE.MI
1356,LPET.MI
1357,EVOE.MI
1358,TREL.MI
1359,TSLQ.MI
1360,CCBO.MI
1361,GOVH.MI
1362,3FBL.MI
1363,ACLEE.MI
1364,XD9EU.MI
1365,XNGI.MI
1366,XZEZ.MI
1367,XMOV.MI
1368,XDG6.MI
1369,HSUD.MI
1370,OUFE.MI
1371,EMDE.MI
1372,E15S.MI
1373,REWLD.MI
1374,XFNT.MI
1375,GNOM.MI
1376,XDGU.MI
1377,V3MLA.MI
1378,FTS100.MI
1379,HEDF.MI
1380,MXUD.MI
1381,WTCHIN.MI
1382,VNRA.MI
1383,XSTR.MI
1384,GENDEE.MI
1385,DJDVPEX.MI
1386,SDJ600.MI
1387,JPGL.MI
1388,TAT.MI
1389,XG11.MI
1390,CMUSRI.MI
1391,VEUR.MI
1392,PAVE.MI
1393,5ESE.MI
1394,OCEAN.MI
1395,JPHE.MI
1396,FLEQ.MI
1397,3AAP.MI
1398,BUYB.MI
1399,JETS.MI
1400,JEDII.MI
1401,EEMK.MI
1402,IQEC.MI
1403,3PLT.MI
1404,MDBE.MI
1405,EPRE.MI
1406,FDNI.MI
1407,SPDA.MI
1408,3RAC.MI
1409,SPEEU.MI
1410,LGGL.MI
1411,XIGB.MI
1412,XUEM.MI
1413,V3SE.MI
1414,V3PAA.MI
1415,V3MAA.MI
1416,3SMO.MI
1417,XDGI.MI
1418,DAXESG.MI
1419,SIMT.MI
1420,JPNK.MI
1421,JAPNE.MI
1422,ESGW.MI
1423,XMAS.MI
1424,VJPN.MI
1425,IQSA.MI
1426,EUMV.MI
1427,AWESG.MI
1428,TEMP.MI
1429,V3SDV.MI
1430,IQEE.MI
1431,WESGH.MI
1432,ENAM.MI
1433,SUOU.MI
1434,WNER.MI
1435,AQWA.MI
1436,3BID.MI
1437,COTN.MI
1438,FLXE.MI
1439,EMVEUA.MI
1440,TRUD.MI
1441,MSRUSA.MI
1442,XQUE.MI
1443,STPX.MI
1444,WDNA.MI
1445,SETM.MI
1446,JCSA.MI
1447,GLRE.MI
1448,FLUC.MI
1449,KESGA.MI
1450,FREP.MI
1451,VEGII.MI
1452,TIP10D.MI
1453,V3NA.MI
1454,5OGE.MI
1455,CG1.MI
1456,XRSM.MI
1457,TRE7.MI
1458,EIB5.MI
1459,H50A.MI
1460,JAPB.MI
1461,LGJP.MI
1462,KARS.MI
1463,WCAR.MI
1464,VUSC.MI
1465,ELOW.MI
1466,BUG.MI
1467,HPRD.MI
1468,JGHY.MI
1469,ULOVD.MI
1470,HEMV.MI
1471,XZHY.MI
1472,CAHEUA.MI
1473,STKX.MI
1474,EMLAA.MI
1475,EUEUA.MI
1476,3SAM.MI
1477,AWPA.MI
1478,LGOV.MI
1479,WDESG.MI
1480,FMET.MI
1481,EPVLD.MI
1482,CSYU.MI
1483,CANA.MI
1484,FGLR.MI
1485,SPQH.MI
1486,WHCS.MI
1487,IQEG.MI
1488,FEQD.MI
1489,SBEM.MI
1490,UT7EUA.MI
1491,USAEUA.MI
1492,BTBENE.MI
1493,CIT.MI
1494,FUSDQ.MI
1495,2CAR.MI
1496,JCHE.MI
1497,WTDGSE.MI
1498,CCLD.MI
1499,ISJP.MI
1500,LXEMU.MI
1501,SDJE5D.MI
1502,TANN.MI
1503,3MSF.MI
1504,3FTG.MI
1505,XDG3.MI
1506,WENE.MI
1507,EQUA.MI
1508,V3EA.MI
1509,HPEM.MI
1510,EMRJ.MI
1511,BBUS.MI
1512,CTEKH.MI
1513,PCOM.MI
1514,SMAFY.MI
1515,WATC.MI
1516,2TRV.MI
1517,IQSD.MI
1518,PQVM.MI
1519,WEMT2.MI
1520,IASP.MI
1521,WSRUS.MI
1522,SRIE.MI
1523,WSRIA.MI
1524,GCLE.MI
1525,GRNS.MI
1526,WTRE.MI
1527,TIP1D.MI
1528,WDESGE.MI
1529,3LNF.MI
1530,LAGR.MI
1531,LUTIW.MI
1532,3LMO.MI
1533,FOHW.MI
1534,SF5EUA.MI
1535,UHYE.MI
1536,V3NL.MI
1537,WNDE.MI
1538,GFAM.MI
1539,JRUE.MI
1540,GRON.MI
1541,WRCY.MI
1542,2OIG.MI
1543,GFOF.MI
1544,LEAD.MI
1545,ANAUE.MI
1546,V3AL.MI
1547,GHYE.MI
1548,MVEU.MI
1549,FEUR.MI
1550,XZWG.MI
1551,FRCP.MI
1552,FGEU.MI
1553,CU1.MI
1554,WSC.MI
1555,FEME.MI
1556,MLPS.MI
1557,GASRI.MI
1558,ETFCRP.MI
1559,3LMS.MI
1560,USAEUY.MI
1561,HSXD.MI
1562,3SNF.MI
1563,3LAL.MI
1564,JPNH.MI
1565,MTAV.MI
1566,AIGL.MI
1567,EUESRI.MI
1568,CMXUS.MI
1569,FDRV.MI
1570,GSCE.MI
1571,VJPE.MI
1572,WELL.MI
1573,EGEMT.MI
1574,META.MI
1575,CAUT.MI
1576,1PAS.MI
1577,PAWD.MI
1578,EESM.MI
1579,FCLD.MI
1580,GREAL.MI
1581,3SAP.MI
1582,WRNW.MI
1583,SUSC.MI
1584,XMVE.MI
1585,HBDV.MI
1586,EURESG.MI
1587,3SMS.MI
1588,THMZZ.MI
1589,FEMI.MI
1590,U15S.MI
1591,METE.MI
1592,HYGN.MI
1593,3GFM.MI
1594,FOFD.MI
1595,2STR.MI
1596,CCLN.MI
1597,GSLC.MI
1598,BIODV.MI
1599,PACEUA.MI
1600,LEMA.MI
1601,PETZ.MI
1602,WATT.MI
1603,E50EUA.MI
1604,SMSJPN.MI
1605,FTNG.MI
1606,CYBO.MI
1607,WNDY.MI
1608,FLXB.MI
1609,EUFM.MI
1610,EMOM.MI
1611,CNEW.MI
1612,HSPA.MI
1613,FRNW.MI
1614,EGEHE.MI
1615,5HGE.MI
1616,JCHA.MI
1617,USSRF.MI
1618,DFE.MI
1619,3PYP.MI
1620,V3RFV.MI
1621,MTVS.MI
1622,EGRO.MI
1623,FLQA.MI
1624,AUHEUA.MI
1625,ZERO.MI
1626,LGAP.MI
1627,3LAP.MI
1628,3SFB.MI
1629,IFSU.MI
1630,3SZN.MI
1631,3LAM.MI
1632,3SUB.MI
1633,ETFEZ.MI
1634,ELECT.MI
1635,F4DE.MI
1636,WOPA.MI
1637,PMNT.MI
1638,FMQQ.MI
1639,KA50A.MI
1640,WBLK.MI
1641,FINX.MI
1642,HCAA.MI
1643,CLEUR.MI
1644,GBHYC.MI
1645,JPCE.MI
1646,HEMA.MI
1647,CBIO.MI
1648,GRFANG.MI
1649,CAVE.MI
1650,HPAE.MI
1651,IESZ.MI
1652,HYDE.MI
1653,ABIEE.MI
1654,ABIU.MI
1655,TSWE.MI
1656,WMTS.MI
1657,HMXJ.MI
1658,UKE.MI
1659,DFEA.MI
1660,DHSA.MI
1661,LAZRR.MI
1662,3SFG.MI
1663,3FNG.MI
1664,3GOO.MI
1665,TCBT.MI
1666,XSOE.MI
1667,EUREUA.MI
1668,SGFM.MI
1669,CURGE.MI
1670,LGEU.MI
1671,HEDJ.MI
1672,3SFT.MI
1673,3LUB.MI
1674,JREA.MI
1675,KOIN.MI
1676,FCRU.MI
1677,3SGF.MI
1678,XGBU.MI
1679,3MRN.MI
1680,V3EL.MI
1681,GGE.MI
1682,CHE3.MI
1683,EMD5.MI
1684,GBE3.MI
1685,PEXE.MI
1686,TIGA.MI
1687,IPIR.MI
1688,3SIT.MI
1689,ECH3.MI
1690,GOVG.MI
1691,EMBH.MI
1692,EGB3.MI
1693,GEBE.MI
1694,3MIB.MI
1695,LINXC.MI
1696,LINXB.MI
1697,SIL1L.MI
1698,FAMMWFA.MI
1699,FAMUSSA.MI
1700,FAMLSSA.MI
1701,FAMMAIA.MI
1702,FAMSF3A.MI
1703,FAMAMWA.MI
1704,FAMTELA.MI
1705,FAMSFFA.MI
1706,FAMWCSA.MI
1707,FAMEUSA.MI
1708,FAMMWSA.MI
1709,C33.MI
1710,CB3.MI
1711,FMI.MI
1712,CWE.MI
1713,PUIG.MI
1714,LEMU.MI
1715,SPEL.MI
1716,ASRD.MI
1717,LCWD.MI
1718,WDFE.MI
1719,CLMA.MI
1720,FBTA.MI
1721,TREI.MI
1722,XPPE.MI
1723,ESGO.MI
1724,RENW.MI
1725,LABL.MI
1726,FOOD.MI
1727,VMIG.MI
1728,GBHE.MI
1729,XSLR.MI
1730,FLOT.MI
1731,MUNI.MI
1732,LERN.MI
1733,ECCO.MI
1734,XSLE.MI
1735,SDG9.MI
1736,EFPX.MI
1737,FFGE.MI
1738,NXTG.MI
1739,CIBR.MI
1740,BLOK.MI
1741,IEWQ.MI
1742,JSEU.MI
1743,JE13.MI
1744,LWCE.MI
1745,GOAT.MI
1746,RAYZ.MI
1747,LDAP.MI
1748,C500.MI
1749,ERTH.MI
1750,HTWO.MI
1751,MSSM.MI
1752,LDEU.MI
1753,XGDU.MI
1754,REUS.MI
1755,ECEG.MI
1756,YODA.MI
1757,EBUY.MI
1758,3SRA.MI
1759,HGVU.MI
1760,JSEG.MI
1761,RIUS.MI
1762,MMLP.MI
1763,XG12.MI
1764,XGDE.MI
1765,EQQJ.MI
1766,BBTR.MI
1767,FPXR.MI
1768,UNIC.MI
1769,WDHE.MI
1770,B500.MI
1771,GLUX.MI
1772,JEGN.MI
1773,XJSE.MI
1774,IQCT.MI
1775,SPDE.MI
1776,FFGC.MI
1777,CROP.MI
1778,EGTD.MI
1779,DGRE.MI
1780,METR.MI
1781,BTCN.MI
1782,MCPA.MI
1783,RNRG.MI
1784,JSHE.MI
1785,VOLT.MI
1786,EMGH.MI
1787,JGSE.MI
1788,S6EW.MI
1789,ELCR.MI
1790,PABEZ.MI
1791,BTP10.MI
1792,CLIMA.MI
1793,HYSRI.MI
1794,EXCPA.MI
1795,BSRIC.MI
1796,JPESG.MI
1797,BSRID.MI
1798,CLUSA.MI
1799,COOLT.MI
1800,JPEUB.MI
1801,BTP13.MI
1802,SPELE.MI
1803,EMPAB.MI
1804,OIL1L.MI
1805,MILLE.MI
1806,KUREA.MI
1807,GREIT.MI
1808,GEU3D.MI
1809,ELCEZ.MI
1810,FLOTH.MI
1811,CMOCT.MI
1812,USSMC.MI
1813,PLANT.MI
1814,HSRID.MI
1815,EURPA.MI
1816,EMUPA.MI
1817,HERUI1.MI
1818,EDOCI1.MI
1819,USESGA.MI
1820,SGIOIL2L.MI
